sido,sigungu,area,general,food,recycle
서울특별시,종로구,없음,일+월+화+수+목+금,일+월+화+수+목+금,일+월+화+수+목+금
서울특별시,중구,서울시 중구,월+화+수+목+금+토,월+화+수+목+금+토,월+화+수+목+금+토
서울특별시,용산구,용산구 관내,일+월+화+수+목+금,일+월+화+수+목+금,일+월+화+수+목+금
서울특별시,성동구,2권역,월+수+금,월+수+금,월+수+금
서울특별시,성동구,1권역,일+화+목,일+화+목,일+화+목
서울특별시,광진구,2권역,월+수+금,월+수+금,월+수+금
서울특별시,광진구,1권역,일+화+목,일+화+목,일+화+목
서울특별시,동대문구,서울특별시 동대문구,월+수+금,월+수+금,월+수+금
서울특별시,중랑구,중랑구전역,일+월+화+수+목+금,일+월+화+수+목+금,일+월+화+수+목+금
서울특별시,성북구,14권역,월+수+금,월+수+금,일+월+화+수+목+금
서울특별시,성북구,1권역,일+화+목,일+화+목,일+화+목
서울특별시,성북구,3권역,월+수+금,월+수+금,일+월+화+수+목+금
서울특별시,성북구,16권역,월+수+금,월+수+금,월+수+금
서울특별시,성북구,20권역,일+화+목,일+화+목,일+화+목
서울특별시,성북구,12권역,일+화+목,일+화+목,월+수+금
서울특별시,성북구,11권역,월+수+금,월+수+금,일+화+목
서울특별시,성북구,13권역,월+수+금,월+수+금,월+수+금
서울특별시,성북구,7권역,월+수+금,월+수+금,월+수+금
서울특별시,성북구,9권역,일+화+목,일+화+목,월+수+금
서울특별시,성북구,4권역,월+수+금,월+수+금,일+월+화+수+목+금
서울특별시,성북구,2권역,일+화+목,일+화+목,일+화+목
서울특별시,성북구,10권역,일+화+목,일+화+목,일+월+화+수+목+금
서울특별시,성북구,5권역,월+수+금,월+수+금,일+월+화+수+목+금
서울특별시,성북구,18권역,일+화+목,일+화+목,월+수+금
서울특별시,성북구,15권역,월+수+금,월+수+금,일+화+목
서울특별시,성북구,19권역,일+화+목,일+화+목,일+화+목
서울특별시,성북구,6권역,일+화+목,일+화+목,일+화+목
서울특별시,성북구,17권역,월+수+금,월+수+금,일+월+화+수+목+금
서울특별시,성북구,8권역,월+수+금,월+수+금,일+월+화+수+목+금
서울특별시,강북구,강북구전역,일+월+화+수+목+금,일+월+화+수+목+금,일+월+화+수+목+금
서울특별시,노원구,5권역,일+월+화+수+목+금,일+월+화+수+목+금,일+월+화+수+목+금
서울특별시,노원구,3권역,일+월+화+수+목+금,일+월+화+수+목+금,일+월+화+수+목+금
서울특별시,노원구,6권역,일+월+화+수+목+금,일+월+화+수+목+금,일+월+화+수+목+금
서울특별시,노원구,1권역,일+월+화+수+목+금,일+월+화+수+목+금,일+월+화+수+목+금
서울특별시,노원구,2권역,일+월+화+수+목+금,일+월+화+수+목+금,일+월+화+수+목+금
서울특별시,노원구,4권역,일+월+화+수+목+금,일+월+화+수+목+금,일+월+화+수+목+금
서울특별시,은평구,없음,월+수+금,월+수+금,월+수+금
서울특별시,서대문구,관내 전지역,일+월+화+수+목+금,일+월+화+수+목+금,일+월+화+수+목+금
서울특별시,마포구,마포구,일+월+수+목+화,일+월+화+수+목,목+수+화+월+일
서울특별시,양천구,2권역,일+화+목,일+화+목,일+화+목
서울특별시,양천구,1권역,월+수+금,월+수+금,월+수+금
서울특별시,강서구,강서구,일+월+화+수+목,일+월+화+수+목,일+월+화+수+목
서울특별시,구로구,없음,일+월+화+수+목+금,일+월+화+수+목+금,일+월+화+수+목+금
서울특별시,금천구,2구역,일+월+화+수+목+금,일+월+화+수+목+금,일+월+화+수+목+금
서울특별시,금천구,3구역,일+월+화+수+목+금,일+월+화+수+목+금,일+월+화+수+목+금
서울특별시,금천구,1구역,일+월+화+수+목+금,일+월+화+수+목+금,일+월+화+수+목+금
서울특별시,금천구,4구역,일+월+화+수+목+금,일+월+화+수+목+금,일+월+화+수+목+금
서울특별시,영등포구,영등포구(전역),일+월+화+수+목+금,일+월+화+수+목+금,일+월+화+수+목+금
서울특별시,동작구,없음,일+월+화+수+목+금,일+월+화+수+목+금,일+월+화+수+목+금
서울특별시,관악구,없음,일+월+화+수+목+금,일+월+화+수+목+금,일+월+화+수+목+금
서울특별시,서초구,4구역,일+화+목,일+월+화+수+목+금,일+화+목
서울특별시,서초구,5구역,일+화+목,일+월+화+수+목+금,일+화+목
서울특별시,서초구,2구역,월+수+금,일+월+화+수+목+금,월+수+금
서울특별시,서초구,3구역,월+수+금,일+월+화+수+목+금,월+수+금
서울특별시,서초구,1구역,월+수+금,일+월+화+수+목+금,월+수+금
서울특별시,강남구,강남구,일+월+화+수+목+금,일+월+화+수+목+금,일+월+화+수+목+금
서울특별시,송파구,8권역,일+화+목,일+화+목,일+화+목
서울특별시,송파구,9권역,월+수+금,월+수+금,월+수+금
서울특별시,송파구,3권역,월+수+금,월+수+금,월+수+금
서울특별시,송파구,4권역,월+수+금,월+수+금,월+수+금
서울특별시,송파구,5권역,일+화+목,일+화+목,일+화+목
서울특별시,송파구,6권역,월+수+금,월+수+금,월+수+금
서울특별시,송파구,7권역,일+월+화+수+목+금,일+월+화+수+목+금,일+월+화+수+목+금
서울특별시,송파구,1권역,월+수+금,월+수+금,월+수+금
서울특별시,송파구,2권역,월+수+금,월+수+금,월+수+금
부산광역시,중구,중구 전역,일+화+목,일+화+목,월+수
부산광역시,서구,1구역,일+화+목,일+화+목,월+수
부산광역시,서구,2구역,일+화+목,일+화+목,월+수
부산광역시,동구,부산 동구,일+화+목,일+화+목,월+수
부산광역시,영도구,B권역,월+일+화+수+목+금+토,일+월+화+수+목+금+토,일+월+화+수+목+금+토
부산광역시,영도구,A구역,일+월+화+수+목+금+토,일+월+화+수+목+금+토,일+월+화+수+목+금+토
부산광역시,영도구,A권역,일+화+목,일+화+목,월+수
부산광역시,부산진구,2권역,월+수+목,일+화+목,화+목
부산광역시,부산진구,1권역,화+수+목,일+화+목,월+수
부산광역시,동래구,A구역,일+화+목,일+화+목,월+화+수
부산광역시,동래구,B구역,일+화+목,일+화+목,월+화+수
부산광역시,남구,2권역,일+화+목,일+화+목,월+수
부산광역시,남구,1권역,일+화+목,일+화+목,월+수
부산광역시,북구,부산광역시 북구,일+화+목,일+화+목,월+수
부산광역시,해운대구,해운대구,일+화+목,일+화+목,월+수
부산광역시,사하구,3구역,일+화+목,일+화+목,월+수
부산광역시,사하구,2구역,일+화+목,일+화+목,월+수
부산광역시,사하구,1구역,일+화+목,일+화+목,월+수
부산광역시,금정구,3권역,일+화+목,일+화+목,월+수
부산광역시,금정구,2권역,일+화+목,일+화+목,월+수
부산광역시,금정구,1권역,일+화+목,일+화+목,월+수
부산광역시,강서구,B구역,일+화+목,일+화+목,월+수
부산광역시,강서구,A구역,일+화+목,일+화+목,월+수
부산광역시,연제구,관내 2개구역,일+목+화,일+화+목,월+화+수
부산광역시,수영구,수영구,일+화+목,일+화+목,월+수
부산광역시,사상구,1권역,일+화+목,일+화+목,월+수
부산광역시,사상구,2권역,일+화+목,일+화+목,월+수
부산광역시,기장군,1구역,일+화+목,일+화+목,월+수
부산광역시,기장군,2구역,일+화+목,일+화+목,월+수
대구광역시,중구,없음,일+월+화+수+목+금,월+수+금,일+월+화+수+목+금
대구광역시,동구,3권역,일+월+화+수+목+금,월+수+금,월+수+금
대구광역시,동구,2권역,일+월+화+수+목+금,월+수+금,월+수+금
대구광역시,동구,1권역,일+월+화+수+목+금,월+수+금,월+수+금
대구광역시,서구,평리6동,일+월+화+수+목+금,일+화+목,일+화+목
대구광역시,서구,평리4동,일+월+화+수+목+금,일+화+목,일+화+목
대구광역시,서구,내당4동,일+월+화+수+목+금,일+화+목,일+화+목
대구광역시,서구,평리1동,일+월+화+수+목+금,일+화+목,일+화+목
대구광역시,서구,원대동,일+월+화+수+목+금,월+수+금,월+수+금
대구광역시,서구,내당1동,일+월+화+수+목+금,일+화+목,일+화+목
대구광역시,서구,비산5동,일+월+화+수+목+금,월+수+금,월+수+금
대구광역시,서구,상리동,일+월+화+수+목+금,월+수+금,월+수+금
대구광역시,서구,중리동,일+월+화+수+목+금,월+수+금,월+수+금
대구광역시,서구,평리5동,일+월+화+수+목+금,일+화+목,일+화+목
대구광역시,서구,내당2.3동,일+월+화+수+목+금,월+수+금,월+수+금
대구광역시,서구,비산4동,일+월+화+수+목+금,월+수+금,월+수+금
대구광역시,서구,평리2동,일+월+화+수+목+금,일+화+목,일+화+목
대구광역시,서구,이현동,일+월+화+수+목+금,월+수+금,월+수+금
대구광역시,서구,평리3동,일+월+화+수+목+금,일+화+목,일+화+목
대구광역시,서구,비산6동,일+월+화+수+목+금,월+수+금,월+수+금
대구광역시,서구,비산2.3동,일+월+화+수+목+금,월+수+금,월+수+금
대구광역시,서구,비산7동,일+월+화+수+목+금,일+화+목,일+화+목
대구광역시,서구,비산1동,일+월+화+수+목+금,월+수+금,월+수+금
대구광역시,남구,1권역,일+월+화+수+목+금,일+월+화+수+목+금,월+수+금
대구광역시,남구,2권역,일+월+화+수+목+금,일+월+화+수+목+금,일+화+목
대구광역시,북구,"생활폐기물 수거(대행-금호산업, 3권역)",일+월+화+수+목+금,일+월+화+수+목+금,일+월+화+수+목+금
대구광역시,북구,"음식물 수거(북구청 직영, 1권역)",일+월+화+수+목+금,일+화+목,일+월+화+수+목+금
대구광역시,북구,"음식물 수거(북구청 직영, 2권역)",일+월+화+수+목+금,월+수+금,일+월+화+수+목+금
대구광역시,북구,"음식물 수거(대행-강북환경, 1권역)",일+월+화+수+목+금,일+화+목,일+월+화+수+목+금
대구광역시,북구,"음식물 수거(대행-강북환경, 2권역)",일+월+화+수+목+금,월+수+금,일+월+화+수+목+금
대구광역시,북구,"생활폐기물 수거(대행-명성산업, 4권역)",일+월+화+수+목+금,일+월+화+수+목+금,일+월+화+수+목+금
대구광역시,북구,"생활폐기물수거(북구청 직영, 1권역)",일+월+화+수+목+금,일+월+화+수+목+금,일+월+화+수+목+금
대구광역시,북구,대형폐기물 수거(대행-성창에너지),일+월+화+수+목+금,일+월+화+수+목+금,일+월+화+수+목+금
대구광역시,북구,"재활용품 수거(대행-해동자원, 1권역)",일+월+화+수+목+금,일+월+화+수+목+금,일+화+목
대구광역시,북구,"재활용품 수거(대행-해동자원, 2권역)",일+월+화+수+목+금,일+월+화+수+목+금,월+수+금
대구광역시,북구,"생활폐기물수거(대행-대동환경, 2권역)",일+월+화+수+목+금,일+월+화+수+목+금,일+월+화+수+목+금
대구광역시,수성구,1권역,일+월+화+수+목+금,일+화+목,일+화+목
대구광역시,수성구,4권역,일+월+화+수+목+금,일+월+화+수+목+금,일+화+목
대구광역시,수성구,3권역,일+월+화+수+목+금,일+월+화+수+목+금,월+수+금
대구광역시,수성구,2권역,일+월+화+수+목+금,월+수+금,월+수+금
대구광역시,달서구,"일반생활폐기물 수거(2권역, 종방산업(주))",일+월+화+수+목+금,일+월+화+수+목+금,일+월+화+수+목+금
대구광역시,달서구,음식물류폐기물 수거(구직영),일+화+목,일+화+목,일+화+목
대구광역시,달서구,재활용가능폐기물 수거(월배권),일+화+목,일+화+목,일+화+목
대구광역시,달서구,"일반생활폐기물 수거(1권역, ㈜유창환경)",일+월+화+수+목+금,일+월+화+수+목+금,일+월+화+수+목+금
대구광역시,달서구,재활용가능폐기물 수거(성서권),월+수+금,월+수+금,월+수+금
대구광역시,달서구,"대형폐기물 수거(월배권, ㈜경일환경)",월+화+수+목+금+토,월+화+수+목+금+토,월+화+수+목+금+토
대구광역시,달서구,"일반생활폐기물 수거(3권역, 구직영)",일+월+화+수+목+금,일+월+화+수+목+금,일+월+화+수+목+금
대구광역시,달서구,"음식물류폐기물 수거(3권역, 대구산업)",일+월+화+수+목+금,일+월+화+수+목+금,일+월+화+수+목+금
대구광역시,달서구,"대형폐기물 수거(성서권, 승신환경㈜)",월+화+수+목+금+토,월+화+수+목+금+토,월+화+수+목+금+토
대구광역시,달서구,"음식물류폐기물 수거(2권역, 태산환경(주))",일+월+화+수+목+금,일+월+화+수+목+금,일+월+화+수+목+금
대구광역시,달서구,"음식물류폐기물 수거(1권역, ㈜달구벌환경산업)",일+월+화+수+목+금,일+월+화+수+목+금,일+월+화+수+목+금
대구광역시,달성군,논공읍,일+월+화+수+목+금,일+화+목,화
대구광역시,달성군,유가읍,월+수+금,월+수+금,월+수
대구광역시,달성군,옥포읍,월+화+수+목+금,일+화+목,월+수+금
대구광역시,달성군,현풍읍,일+월+화+수+목+금,일+화+목,수
대구광역시,달성군,가창면,화+목+토,일+화+목,일+화
대구광역시,달성군,하빈면,일+월+화+수+목+금,일+화+목,일+월+화+수+목+금
대구광역시,달성군,구지면,일+화,일+화+목,월+목+금
대구광역시,달성군,화원읍,일+월+화+수+목+금,일+월+화+수+목+금,일+화+목
대구광역시,달성군,다사읍,일+월+화+수+목+금,일+월+화+수+목+금,월+수+금
인천광역시,영종구,2권역,월+수+목+금+화+일,일+화+목,일+화+목
인천광역시,영종구,1권역,일+월+수+목+금+화,월+수+금,월+수+금
인천광역시,제물포구,인천광역시 제물포구,일+월+화+수+목+금,월+수+금,일+화+목
인천광역시,미추홀구,3권역,일+월+화+수+목+금,일+월+화+수+목+금,일+월+화+수+목+금
인천광역시,미추홀구,1권역,일+월+화+수+목+금,일+월+화+수+목+금,일+월+화+수+목+금
인천광역시,미추홀구,5권역,일+월+화+수+목+금,일+월+화+수+목+금,일+월+화+수+목+금
인천광역시,미추홀구,4권역,일+월+화+수+목+금,일+월+화+수+목+금,일+월+화+수+목+금
인천광역시,미추홀구,2권역,일+월+화+수+목+금,일+월+화+수+목+금,일+월+화+수+목+금
인천광역시,연수구,연수구,일+월+화+수+목+금,일+화+목,일+화+목
인천광역시,남동구,5권역,일+월+화+수+목,일+월+화+수+목,일+화+목
인천광역시,남동구,4권역,일+월+화+수+목,일+월+화+수+목,일+화+목
인천광역시,남동구,3권역,일+월+화+수+목,일+월+화+수+목,일+화+목
인천광역시,남동구,2권역,일+월+화+수+목,일+월+화+수+목,일+화+목
인천광역시,남동구,1권역,일+월+화+수+목,일+월+화+수+목,일+화+목
인천광역시,남동구,7권역,일+월+화+수+목,일+월+화+수+목,일+화+목
인천광역시,남동구,6권역,일+월+화+수+목,일+월+화+수+목,일+화+목
인천광역시,부평구,부평구 전역,일+월+수+목+금+화,일+화+목,월+수+금
인천광역시,계양구,1~4권역,일+월+화+수+목+금,일+월+화+수+목+금,일+월+화+수+목+금
인천광역시,서해구,서구,일+월+화+수+목+금+토,일+월+화+수+목+금+토,화+목+일
인천광역시,검단구,서구,일+월+화+수+목+금+토,일+월+화+수+목+금+토,화+목+일
인천광역시,강화군,1권역,월+화+수+목+금,월+화+수+목+금,월+화+수+목+금
인천광역시,옹진군,대청면,월+화+수+목+금+토,월+화+수+목+금+토,월+화+수+목+금+토
인천광역시,옹진군,연평면,월+화+수+목+금+토,월+화+수+목+금+토,월+화+수+목+금+토
인천광역시,옹진군,영흥면,월+화+수+목+금+토,월+화+수+목+금+토,월+화+수+목+금+토
인천광역시,옹진군,자월면,월+화+수+목+금+토,월+화+수+목+금+토,월+화+수+목+금+토
인천광역시,옹진군,덕적면,월+화+수+목+금+토,월+화+수+목+금+토,월+화+수+목+금+토
인천광역시,옹진군,북도면,월+화+수+목+금+토,월+화+수+목+금+토,월+화+수+목+금+토
인천광역시,옹진군,백령면,월+화+수+목+금+토,월+화+수+목+금+토,월+화+수+목+금+토
대전광역시,동구,대전광역시 동구,일+월+화+수+목,일+월+화+수+목,일+월+화+수+목+금
대전광역시,중구,없음,일+월+화+수+목+금,일+월+화+수+목+금,일+월+화+수+목+금
대전광역시,서구,대전광역시,일+월+화+수+목,일+월+화+수+목,기타
대전광역시,유성구,관평동,월+화+수+목+금+토,월+화+수+목+금+토,화+수+토
대전광역시,유성구,노은1동,월+화+수+목+금+토,월+화+수+목+금+토,월+목
대전광역시,유성구,진잠동,월+화+수+목+금+토,월+화+수+목+금+토,월+목
대전광역시,유성구,온천2동,월+화+수+목+금+토,월+화+수+목+금+토,월+수+목+토
대전광역시,유성구,노은3동,월+화+수+목+금+토,월+화+수+목+금+토,화+수+토
대전광역시,유성구,노은2동,월+화+수+목+금+토,월+화+수+목+금+토,월+목+토
대전광역시,유성구,구즉동,월+화+수+목+금+토,월+화+수+목+금+토,토
대전광역시,유성구,원신흥동,월+화+수+목+금+토,월+화+수+목+금+토,월+화+금
대전광역시,유성구,온천1동,월+화+수+목+금+토,월+화+수+목+금+토,월+목+금+토
대전광역시,유성구,전민동,월+화+수+목+금+토,월+화+수+목+금+토,월+화+금
대전광역시,유성구,신성동,월+화+수+목+금+토,월+화+수+목+금+토,목
대전광역시,대덕구,없음,일+월+화+수+목+금,일+월+화+수+목+금,일+월+화+수+목+금
울산광역시,중구,중구 관내,일+월+화+수+목,일+월+화+수+목,일+월+화+수+목
울산광역시,남구,2권역,일+월+화+수+목+금,월+수+금,월+수+금
울산광역시,남구,1권역,일+월+화+수+목+금,일+화+목,일+화+목
울산광역시,동구,없음,일+화+월+수+목,월+수+금,월+수+일+화+목
울산광역시,북구,8권역,일+월+화+수+목,일+화+목,화+금
울산광역시,북구,2권역,일+월+화+수+목,일+화+목,월+금
울산광역시,북구,4권역,일+월+화+수+목,일+화+목,월+금
울산광역시,북구,6권역,일+월+화+수+목,일+화+목,일+수
울산광역시,북구,5권역,일+월+화+수+목,일+화+목,일+수
울산광역시,북구,1권역,일+월+화+수+목,일+화+목,일+목
울산광역시,북구,3권역,일+월+화+수+목,일+화+목,일+목
울산광역시,북구,7권역,일+월+화+수+목,일+화+목,화+금
울산광역시,울주군,울산광역시 울주군,목+일+화,목+일+화,목+월+수
경기도,수원시,수원시,일+월+화+수+목,일+월+화+수+목,일+월+화+수+목
경기도,성남시,없음,일+월+화+수+목+금,일+월+화+수+목+금,일+월+화+수+목+금
경기도,의정부시,의정부시,일+월+화+수+목,일+월+화+수+목+금,일+월+화+수+목
경기도,안양시,없음,일+월+화+수+목,일+월+화+수+목,일+월+화+수+목
경기도,부천시,원미구,월+화+수+목+금,월+화+수+목+금,화+목+토
경기도,부천시,오정구,월+화+수+목+금,월+화+수+목+금,화+목+토
경기도,부천시,소사구,월+화+수+목+금,월+화+수+목+금,화+목+토
경기도,광명시,없음,일+월+화+수+목+금,일+월+화+수+목+금+토,일+월+화+수+목+금
경기도,평택시,6권역,일+월+화+수+목+금,일+월+화+수+목+금,일+월+화+수+목+금
경기도,평택시,2권역,일+월+화+수+목+금,일+월+화+수+목+금,일+월+화+수+목+금
경기도,평택시,7권역,일+월+화+수+목+금,일+월+화+수+목+금,일+월+화+수+목+금
경기도,평택시,9권역,일+월+화+수+목+금,일+월+화+수+목+금,일+월+화+수+목+금
경기도,평택시,8권역,일+월+화+수+목+금,일+월+화+수+목+금,일+월+화+수+목+금
경기도,평택시,5권역,일+월+화+수+목+금,일+월+화+수+목+금,일+월+화+수+목+금
경기도,평택시,4권역,일+월+화+수+목+금,일+월+화+수+목+금,일+월+화+수+목+금
경기도,평택시,3권역,일+월+화+수+목+금,일+월+화+수+목+금,일+월+화+수+목+금
경기도,평택시,1권역,일+월+화+수+목+금,일+월+화+수+목+금,일+월+화+수+목+금
경기도,동두천,동두천시 전역,일+월+화+수+목+금,일+월+화+수+목+금,일+월+화+수+목+금
경기도,안산시,안산시,일+월+화+수+목+금,일+월+화+수+목+금,월+화+목+금
경기도,고양시,5구역(청안기업 031-975-2338),기타,기타,기타
경기도,고양시,8구역(그린워크기업 031-966-5072),기타,기타,기타
경기도,고양시,7구역(고양위생공사 031-962-2027),기타,기타,기타
경기도,고양시,11구역(수창기업 031-978-7744),기타,기타,기타
경기도,고양시,1구역(벽제개발 031-963-8700),기타,기타,기타
경기도,고양시,3구역(천일공사 031-938-2777),기타,기타,기타
경기도,고양시,6규역(청안기업 031-975-2338),기타,기타,기타
경기도,고양시,9구역(고양미화산업 031-975-6646),기타,기타,기타
경기도,고양시,2구역(승문기업 031-977-4126),기타,기타,기타
경기도,고양시,12구역(서강기업 031-972-7833),기타,기타,기타
경기도,고양시,10구역(원당기업 031-978-8844),기타,기타,기타
경기도,고양시,4구역(서강기업 031-972-7833),기타,기타,기타
경기도,과천시,과천시 전역,월+화+수+목+금+토,월+화+수+목+금+토,월+화+수+목+금+토
경기도,구리시,구리시,일+월+화+수+목,일+월+화+수+목,일+월+화+수+목
경기도,남양주,6권역,일+월+화+수+목+금,일+월+화+수+목+금,일+월+화+수+목+금
경기도,남양주,3권역,일+월+화+수+목+금,일+월+화+수+목+금,일+월+화+수+목+금
경기도,남양주,5권역,일+월+화+수+목+금,일+월+화+수+목+금,일+월+화+수+목+금
경기도,남양주,4권역,일+월+화+수+목+금,일+월+화+수+목+금,일+월+화+수+목+금
경기도,남양주,1권역,일+월+화+수+목+금,일+월+화+수+목+금,일+월+화+수+목+금
경기도,남양주,7권역,일+월+화+수+목+금,일+월+화+수+목+금,일+월+화+수+목+금
경기도,남양주,2권역,일+월+화+수+목+금,일+월+화+수+목+금,일+월+화+수+목+금
경기도,오산시,오산시 전역(관내),일+월+화+수+목+금,일+월+화+수+목+금,일+월+화+수+목+금
경기도,시흥시,10권역,일+월+화+수+목+금,일+월+화+수+목+금,일+월+화+수+목+금
경기도,시흥시,11권역,일+월+화+수+목+금,일+월+화+수+목+금,일+월+화+수+목+금
경기도,시흥시,9권역,일+월+화+수+목+금,일+월+화+수+목+금,일+월+화+수+목+금
경기도,시흥시,8권역,일+월+화+수+목+금,일+월+화+수+목+금,일+월+화+수+목+금
경기도,시흥시,7권역,일+월+화+수+목+금,일+월+화+수+목+금,일+월+화+수+목+금
경기도,시흥시,1권역,일+월+화+수+목+금,일+월+화+수+목+금,일+월+화+수+목+금
경기도,시흥시,5권역,일+월+화+수+목+금,일+월+화+수+목+금,일+월+화+수+목+금
경기도,시흥시,4권역,일+월+화+수+목+금,일+월+화+수+목+금,일+월+화+수+목+금
경기도,시흥시,3권역,일+월+화+수+목+금,일+월+화+수+목+금,일+월+화+수+목+금
경기도,시흥시,2권역,일+월+화+수+목+금,일+월+화+수+목+금,일+월+화+수+목+금
경기도,시흥시,6권역,일+월+화+수+목+금,일+월+화+수+목+금,일+월+화+수+목+금
경기도,군포시,경기도,월+화+수+목+금+토,월+화+수+목+금+토,월+화+수+목+금+토
경기도,의왕시,의왕시,월+수+금,화+금,월+수+금
경기도,하남시,하남시,일+월+화+수+목+금,일+월+화+수+목+금,일+월+화+수+목+금
경기도,용인시,경기도 용인시,일+월+화+수+목+금+토,일+월+화+수+목+금+토,일+월+화+수+목+금+토
경기도,파주시,1구역,일+월+화+수+목+금,일+월+화+수+목+금,일+월+화+수+목+금
경기도,파주시,2구역,일+월+화+수+목+금,일+월+화+수+목+금,일+월+화+수+목+금
경기도,파주시,3구역,일+월+화+수+목+금,일+월+화+수+목+금,일+월+화+수+목+금
경기도,파주시,4구역,일+월+화+수+목+금,일+월+화+수+목+금,일+월+화+수+목+금
경기도,파주시,5구역,일+월+화+수+목+금,일+월+화+수+목+금,일+월+화+수+목+금
경기도,파주시,6구역,일+월+화+수+목+금,일+월+화+수+목+금,일+월+화+수+목+금
경기도,파주시,13구역,일+월+화+수+목+금,일+월+화+수+목+금,일+월+화+수+목+금
경기도,파주시,8구역,일+월+화+수+목+금,일+월+화+수+목+금,일+월+화+수+목+금
경기도,파주시,9구역,일+월+화+수+목+금,일+월+화+수+목+금,일+월+화+수+목+금
경기도,파주시,10구역,일+월+화+수+목+금,일+월+화+수+목+금,일+월+화+수+목+금
경기도,파주시,11구역,일+월+화+수+목+금,일+월+화+수+목+금,일+월+화+수+목+금
경기도,파주시,12구역,일+월+화+수+목+금,일+월+화+수+목+금,일+월+화+수+목+금
경기도,파주시,7구역,일+월+화+수+목+금,일+월+화+수+목+금,일+월+화+수+목+금
경기도,이천시,이천시,월+화+수+목+금+토,월+화+수+목+금+토,월+화+수+목+금+토
경기도,안성시,삼죽면,목,목,목
경기도,안성시,금광면,화,화,화
경기도,안성시,죽산면,화,화,화
경기도,안성시,양성면,목,목,목
경기도,안성시,안성3동,화+금,월+수+금,화
경기도,안성시,고삼면,목,목,목
경기도,안성시,원곡면,월+금,월+금,월+금
경기도,안성시,대덕면,화,화,화
경기도,안성시,보개면,금,금,금
경기도,안성시,일죽면,수,수,수
경기도,안성시,안성1동,월+화+수+목+금+토,월+화+수+목+금+토,월+화+수+목+금+토
경기도,안성시,안성2동,월,화+수+금,월
경기도,안성시,공도읍,목,목,목
경기도,안성시,미양면,목,수,수
경기도,안성시,서운면,화,화,월+화
경기도,김포시,7구역,일+월+화+수+목+금,일+월+화+수+목+금,일+월+화+수+목+금
경기도,김포시,8구역,일+월+화+수+목+금,일+월+화+수+목+금,일+월+화+수+목+금
경기도,김포시,1구역,일+월+화+수+목+금,일+월+화+수+목+금,일+월+화+수+목+금
경기도,김포시,6구역,일+월+화+수+목+금,일+월+화+수+목+금,일+월+화+수+목+금
경기도,김포시,3구역,일+월+화+수+목+금,일+월+화+수+목+금,일+월+화+수+목+금
경기도,김포시,4구역,일+월+화+수+목+금,일+월+화+수+목+금,일+월+화+수+목+금
경기도,김포시,5구역,일+월+화+수+목+금,일+월+화+수+목+금,일+월+화+수+목+금
경기도,김포시,2구역,일+월+화+수+목+금,일+월+화+수+목+금,일+월+화+수+목+금
경기도,연천군,연천군,월+화+수+목+금+토,일+월+화+수+목+금,월+화+수+목+금+토
경기도,가평군,2권역,월+화+수+목+금+토,월+화+수+목+금+토,월+화+수+목+금+토
경기도,가평군,1권역,월+화+수+목+금+토,월+화+수+목+금+토,월+화+수+목+금+토
경기도,양평군,양평읍,일+월+화+수+목+금+토,일+월+화+수+목+금+토,일+월+화+수+목+금+토
경기도,양평군,강상면,일+월+화+수+목+금+토,일+월+화+수+목+금+토,일+월+화+수+목+금+토
경기도,양평군,단월면,일,일,월
경기도,양평군,양동면,목,목,목
경기도,양평군,문호3리,월+목,화,금
경기도,양평군,용문면,일+수,월+목,월+목
경기도,양평군,수입리 산9-1,화+목,월,금
경기도,양평군,강하면,월+목,목,목
경기도,양평군,개군면,월+수,월+수,월+수
경기도,양평군,지평면,일,일,일
경기도,양평군,수입1리,화+목,월,금
경기도,양평군,명달리(숲속학교),화+목,월,금
경기도,양평군,문호5리,월+목,화,금
경기도,양평군,문호7리,화+목,월,금
경기도,양평군,서종면,월+목,화,금
경기도,양평군,청운면,일+목,일+목,일+목
경기도,양평군,수입리 79-2(서종사 입구),화+목,월,금
경기도,양평군,양서면,일,일,일
경기도,양평군,옥천면,월+화+수+목+금,월+화+수+목+금,월+화+수+목+금
경기도,양평군,명달리(상산재),화+목,월,금
경기도,양평군,정배2리,월+목,화,금
경기도,양평군,수능2리,월+목,화,금
경기도,양평군,서후1리,월+목,화,금
경기도,양평군,수입리 276-2,화+목,월,금
경기도,양평군,도장1리,월+목,화,금
경기도,양평군,정배1리,월+목,화,금
경기도,양평군,수능1리,월+목,화,금
경기도,양평군,도장3리,월+목,화,금
경기도,양평군,도장2리,월+목,화,금
경기도,양평군,수입3리,화+목,월,금
경기도,양평군,수입리 119-15,화+목,월,금
경기도,양평군,수입리 295-28,화+목,월,금
경기도,양평군,문호6리,월+목,화,금
강원특별자치도,춘천시,7권역,일+월+화+수+목+금,일+월+화+수+목+금,일+월+화+수+목+금
강원특별자치도,춘천시,4권역,일+월+화+수+목+금,일+월+화+수+목+금,일+월+화+수+목+금
강원특별자치도,춘천시,3권역,일+월+화+수+목+금,일+월+화+수+목+금,일+월+화+수+목+금
강원특별자치도,춘천시,5권역,일+월+화+수+목+금,일+월+화+수+목+금,일+월+화+수+목+금
강원특별자치도,춘천시,6권역,일+월+화+수+목+금,일+월+화+수+목+금,일+월+화+수+목+금
강원특별자치도,춘천시,8권역,일+월+화+수+목+금,일+월+화+수+목+금,일+월+화+수+목+금
강원특별자치도,춘천시,9권역,일+월+화+수+목+금,일+월+화+수+목+금,일+월+화+수+목+금
강원특별자치도,춘천시,10권역,일+월+화+수+목+금,일+월+화+수+목+금,일+월+화+수+목+금
강원특별자치도,춘천시,1권역,일+월+화+수+목+금,일+월+화+수+목+금,일+월+화+수+목+금
강원특별자치도,춘천시,2권역,일+월+화+수+목+금,일+월+화+수+목+금,일+월+화+수+목+금
강원특별자치도,원주시,원주시 읍면지역,일+월+화+수+목+금+토,일+월+화+수+목+금+토,일+월+화+수+목+금+토
강원특별자치도,원주시,원주시 동지역,일+월+화+수+목+금+토,일+월+화+수+목+금+토,일+월+화+수+목+금+토
강원특별자치도,강릉시,거점수거 지역,일+월+화+수+목+금,일+월+화+수+목+금,일+월+화+수+목+금
강원특별자치도,강릉시,문전수거 지역,일+월+화+수+목+금,일+월+화+수+목+금,일+월+화+수+목+금
강원특별자치도,동해시,삼화동(남부지역),월+화+수+목+금+토,월+화+수+목+금+토,월+화+수+목+금+토
강원특별자치도,동해시,묵호동(북부지역),월+화+수+목+금+토,월+화+수+목+금+토,월+화+수+목+금+토
강원특별자치도,동해시,부곡동(북부지역),월+화+수+목+금+토,월+화+수+목+금+토,월+화+수+목+금+토
강원특별자치도,동해시,천곡동(중부지역),월+화+수+목+금+토,월+화+수+목+금+토,월+화+수+목+금+토
강원특별자치도,동해시,북삼동(남부지역),월+화+수+목+금+토,월+화+수+목+금+토,월+화+수+목+금+토
강원특별자치도,동해시,송정동(남부지역),월+화+수+목+금+토,월+화+수+목+금+토,월+화+수+목+금+토
강원특별자치도,동해시,발한동(북부지역),월+화+수+목+금+토,월+화+수+목+금+토,월+화+수+목+금+토
강원특별자치도,동해시,망상동(북부지역),월+화+수+목+금+토,월+화+수+목+금+토,월+화+수+목+금+토
강원특별자치도,동해시,북평동(남부지역),월+화+수+목+금+토,월+화+수+목+금+토,월+화+수+목+금+토
강원특별자치도,동해시,동호동(북부지역),월+화+수+목+금+토,월+화+수+목+금+토,월+화+수+목+금+토
강원특별자치도,태백시,"황지권, 장성권",일+화+목,일+화+목,월+수
강원특별자치도,태백시,"황지권, 철암권",월+수+금,월+수+금,월+수
강원특별자치도,삼척시,강원특별자치도,월+화+수+목+금+토,월+화+수+목+금+토,월+화+수+목+금+토
강원특별자치도,홍천군,홍천군,일+월+화+수+목+금,일+월+화+수+목+금,일+월+화+수+목+금
강원특별자치도,횡성군,Ⅱ구역,월+화+수+목+금+토,월+수+금,화+목
강원특별자치도,횡성군,Ⅰ구역,월+화+수+목+금+토,화+금,화+목
강원특별자치도,영월군,없음,일+월+화+수+목,일+월+화+수+목,일+월+화+수+목
강원특별자치도,평창군,없음,월+화+수+금,일+월+화+수+목+금+토,목
강원특별자치도,정선군,정선군,일+화+목,일+월+화+수+목,수
강원특별자치도,철원군,철원군관내,월+화+수+목+금,월+화+수+목+금,월+화+수+목+금
강원특별자치도,양구군,없음,월+화+수+목+금+토,월+화+수+목+금+토,월
강원특별자치도,인제군,6권역,일+월+화+수+목,일+화+목,일+월+화+수+목
강원특별자치도,고성군,없음,월+화+수+금+토,월+목,월+목
강원특별자치도,양양군,관내,월+수+금,월+수+금,화+목
충청북도,충주시,충청북도 충주시 5권역,일+월+화+목+금,일+월+화+수+목+금,일+월+화+수+목+금
충청북도,충주시,충청북도 충주시 4권역,일+월+화+목+금,일+월+화+수+목+금,일+월+화+수+목+금
충청북도,충주시,충청북도 충주시 3권역,일+월+화+목+금,일+월+화+수+목+금,일+월+화+수+목+금
충청북도,충주시,충청북도 충주시 2권역,일+월+화+목+금,일+월+화+수+목+금,일+월+화+수+목+금
충청북도,충주시,충청북도 충주시 1권역,일+월+화+목+금,일+월+화+수+목+금,일+월+화+수+목+금
충청북도,제천시,2권역,일+월+화+수+목+금,일+월+화+수+목+금,일+월+화+수+목+금
충청북도,제천시,1권역,일+월+화+수+목+금,일+월+화+수+목+금,일+월+화+수+목+금
충청북도,제천시,4권역,일+월+화+수+목+금,일+월+화+수+목+금,일+월+화+수+목+금
충청북도,제천시,3권역,일+월+화+수+목+금,일+월+화+수+목+금,일+월+화+수+목+금
충청북도,보은군,2권역,화+금,화+금,월+목+토
충청북도,보은군,1권역,화+금,화+금,수
충청북도,옥천군,1권역,월+화+수+목+금+토,월+화+수+목+금+토,월+화+수+목+금+토
충청북도,옥천군,2권역,월+화+수+목+금+토,월+화+수+목+금+토,월+화+수+목+금+토
충청북도,영동군,"영동읍, 면지역",월+화+수+목+금,월+화+수+목+금,월+화+수+목+금
충청북도,진천군,진천군 관내,월+화+수+목+금+일,월+화+수+목+금+일,월+화+수+목+금+일
충청북도,괴산군,괴산군 읍지역 일원,월+화+수+목+금+토,월+화+수+목+금+토,월+화+수+목+금+토
충청북도,괴산군,괴산군 면지역 일원,월+화+수+목+금,월+화+수+목+금,월+화+수+목+금
충청북도,음성군,4권역,월+화+수+목+금+토,월+화+수+목+금+토,월+화+수+목+금+토
충청북도,음성군,1권역,월+화+수+목+금+토,월+화+수+목+금+토,월+화+수+목+금+토
충청북도,음성군,2권역,월+화+수+목+금+토,월+화+수+목+금+토,월+화+수+목+금+토
충청북도,음성군,3권역,월+화+수+목+금+토,월+화+수+목+금+토,월+화+수+목+금+토
충청북도,단양군,영춘면,일+월+화+수+목+금+토,화+목,일+월+화+수+목+금+토
충청북도,단양군,"단성면, 가곡면, 어상천면, 적성면",일+월+화+수+목+금+토,일+월+화+수+목+금+토,일+월+화+수+목+금+토
충청북도,단양군,단양읍,일+월+화+수+목+금+토,월+수+금,일+월+화+수+목+금+토
충청북도,단양군,대강면,일+월+화+수+목+금+토,화+목,일+월+화+수+목+금+토
충청북도,단양군,매포읍,일+월+화+수+목+금+토,월+수+금,일+월+화+수+목+금+토
충청남도,천안시,천안시 전지역,일+월+화+수+목+금,일+월+화+수+목+금,일+월+화+수+목+금
충청남도,보령시,보령시전역,월+화+수+목+금+토,월+화+수+목+금+토,월+화+수+목+금+토
충청남도,아산시,쓰레기 배출장소,월+화+수+목+금,월+화+수+목+금,월+화+수+목+금
충청남도,서산시,없음,일+월+화+수+목+금,일+월+화+수+목+금,일+월+화+수+목+금
충청남도,논산시,논산시,월+화+수+목+금,월+화+수+목+금,월+목
충청남도,금산군,없음,월+화+수+목+금,월+화+수+목+금+토,목
충청남도,부여군,1권역,일+화+목,일+화+목,일+화+목
충청남도,부여군,2권역,월+수+금,월+수+금,월+수+금
충청남도,서천군,없음,일+월+화+수+목+금,일+월+화+수+목+금,일+월+화+수+목+금
충청남도,청양군,"읍, 면",월+화+수+목+금,월+수+금,화+수+목+금
충청남도,홍성군,2권역,월+화+수+목+금+토,월+화+수+목+금+토,월+화+수+목+금+토
충청남도,홍성군,1권역,월+화+수+목+금+토,월+화+수+목+금+토,월+화+수+목+금+토
충청남도,태안군,없음,일+화+목,월+수,월+수
전북특별자치도,전주시,완산구,일+월+화+수+목+금,일+화+목,일+월+화+수+목+금
전북특별자치도,전주시,덕진구,일+월+화+수+목+금,일+화+목,일+월+화+수+목+금
전북특별자치도,군산시,1권역,일+월+화+수+목+금,일+화+목,일+월+화+수+목+금
전북특별자치도,군산시,2권역,일+월+화+수+목+금,월+수+금,일+월+화+수+목+금
전북특별자치도,익산시,생활쓰레기 수거구역 : 익산시 전역),월+화+수+목+금+토,월+화+수+목+금+토,월+화+수+목+금+토
전북특별자치도,정읍시,정읍시,월+화+수+목+금,월+화+수+목+금,월+화+수+목+금
전북특별자치도,김제시,시외권,일+월+화+수+목+금+토,일+월+화+수+목+금+토,일+월+화+수+목+금+토
전북특별자치도,김제시,시내권,일+월+화+수+목+금+토,일+월+화+수+목+금+토,일+월+화+수+목+금+토
전북특별자치도,완주군,전지역,월+화+수+목+금+토,월+화+수+목+금+토,월+화+수+목+금+토
전북특별자치도,진안군,진안읍 1권역,월+화+수+목+금,월+목,월+화+수+목+금
전북특별자치도,진안군,진안읍 2권역,월+화+수+목+금,화+금,월+화+수+목+금
전북특별자치도,진안군,면 3권역,월+화+수+목+금,수,월+화+수+목+금
전북특별자치도,진안군,진안읍 3권역,월+화+수+목+금,수,월+화+수+목+금
전북특별자치도,진안군,면 2권역,월+화+수+목+금,화,월+화+수+목+금
전북특별자치도,진안군,면 1권역,월+화+수+목+금,월,월+화+수+목+금
전북특별자치도,진안군,면 4권역,월+화+수+목+금,목,월+화+수+목+금
전북특별자치도,무주군,무주군,일+월+화+수+목+금,일+월+화+수+목+금,일+월+화+수+목+금
전북특별자치도,장수군,장수군,월+화+금+수+목,월+수+금+화+목,목+월+화+수+금
전북특별자치도,임실군,임실권역,월+화+수+목+금,월+목,월+화+수+목+금
전북특별자치도,임실군,오수권역,월+화+수+목+금,화+금,월+화+수+목+금
전북특별자치도,임실군,관촌권역,월+화+수+목+금,화+금,월+화+수+목+금
전북특별자치도,임실군,강진권역,월+화+수+목+금,수,월+화+수+목+금
전북특별자치도,임실군,운암권역,월+화+수+목+금,수,월+화+수+목+금
전북특별자치도,순창군,순창군,일+월+화+수+목+금+토,일+월+화+수+목+금+토,목+월+일+화+수+금+토
전북특별자치도,고창군,없음,월+화+수+목+금,화+금,월+화+수+목+금
전북특별자치도,부안군,줄포면,월+화+수+목+금+토,월+화+수+목+금+토,월+화+수+목+금+토
전북특별자치도,부안군,행안면,월+화+수+목+금+토,월+화+수+목+금+토,월+화+수+목+금+토
전북특별자치도,부안군,보안면,월+화+수+목+금+토,월+화+수+목+금+토,월+화+수+목+금+토
전북특별자치도,부안군,계화면,월+화+수+목+금+토,월+화+수+목+금+토,월+화+수+목+금+토
전북특별자치도,부안군,변산면,월+화+수+목+금+토,월+화+수+목+금+토,월+화+수+목+금+토
전북특별자치도,부안군,주산면,월+화+수+목+금+토,월+화+수+목+금+토,월+화+수+목+금+토
전북특별자치도,부안군,위도면,월+화+수+목+금+토,월+화+수+목+금+토,월+화+수+목+금+토
전북특별자치도,부안군,진서면,월+화+수+목+금+토,월+화+수+목+금+토,월+화+수+목+금+토
전북특별자치도,부안군,하서면,월+화+수+목+금+토,월+화+수+목+금+토,월+화+수+목+금+토
전북특별자치도,부안군,부안읍,월+화+수+목+금+토,월+화+수+목+금+토,월+화+수+목+금+토
전북특별자치도,부안군,상서면,월+화+수+목+금+토,월+화+수+목+금+토,월+화+수+목+금+토
전북특별자치도,부안군,백산면,월+화+수+목+금+토,월+화+수+목+금+토,월+화+수+목+금+토
전북특별자치도,부안군,동진면,월+화+수+목+금+토,월+화+수+목+금+토,월+화+수+목+금+토
경상북도,포항시,포항시남구,일+월+수+목,일+화+목,화+금
경상북도,포항시,포항시북구,일+월+수+목,월+수+금,화+금
경상북도,경주시,생활3구역,월+화+수+목+금+토,기타,월+화+수+목+금+토
경상북도,경주시,생활직영,월+화+수+목+금+토,기타,월+화+수+목+금+토
경상북도,경주시,음식3구역,기타,월+화+수+목+금+토,기타
경상북도,경주시,음식2구역,기타,월+화+수+목+금+토,기타
경상북도,경주시,생활6구역,월+화+수+목+금+토,기타,월+화+수+목+금+토
경상북도,경주시,음식1구역,기타,월+화+수+목+금+토,기타
경상북도,경주시,생활5구역,월+화+수+목+금+토,기타,월+화+수+목+금+토
경상북도,경주시,생활4구역,월+화+수+목+금+토,기타,월+화+수+목+금+토
경상북도,경주시,생활2구역,월+화+수+목+금+토,기타,월+화+수+목+금+토
경상북도,경주시,생활1구역,월+화+수+목+금+토,기타,월+화+수+목+금+토
경상북도,김천시,김천시,일+월+화+수+목,일+월+화+수+목,일+월+화+수+목
경상북도,안동시,경상북도 안동시,일+월+화+수+목+금,일+월+화+수+목+금,월+목
경상북도,구미시,3구역,일+월+화+수+목+금,월+수+금,수+금+월
경상북도,구미시,1구역,일+월+화+수+목+금,일+화+목,월+화+수+목+금
경상북도,구미시,2구역,일+월+화+수+목+금,월+수+금,월+화+수+목+금
경상북도,영주시,1권역,일+월+화+수+목+금,일+월+화+수+목+금,일+월+화+수+목+금
경상북도,영주시,2권역,일+월+화+수+목+금,일+월+화+수+목+금,일+월+화+수+목+금
경상북도,영주시,3권역,일+월+화+수+목+금,일+월+화+수+목+금,일+월+화+수+목+금
경상북도,영주시,4권역,일+월+화+수+목+금,일+월+화+수+목+금,일+월+화+수+목+금
경상북도,영천시,영천시 관내,월+화+수+목+금+토,월+화+수+목+금+토,월+화+수+목+금+토
경상북도,상주시,경상북도,월+화+수+목+금,일+월+화+수+목+금+토,월+화+수+목+금
경상북도,문경시,없음,일+월+화+수+목+금,월+수+금,일+월+화+수+목+금
경상북도,경산시,3권역,일+월+화+수+목+금,월+수+금,일+월+화+수+목+금
경상북도,경산시,2권역,일+월+화+수+목+금,월+수+금,일+월+화+수+목+금
경상북도,경산시,5권역,일+월+화+수+목+금,일+화+목,일+월+화+수+목+금
경상북도,경산시,1권역,일+월+화+수+목+금,월+수+금,일+월+화+수+목+금
경상북도,경산시,4권역,일+월+화+수+목+금,일+화+목,일+월+화+수+목+금
대구광역시,군위군,없음,월+화+수+목+금+토,월+화+수+목+금+토,월+화+수+목+금+토
경상북도,의성군,경상북도,일+월+수+목,일+월+화+목,화+금
경상북도,청송군,1권역,일+월+화+수+목+금,일+월+화+수+목+금,일+월+화+수+목+금
경상북도,청송군,8권역,일+월+화+수+목+금,일+월+화+수+목+금,일+월+화+수+목+금
경상북도,청송군,5권역,일+월+화+수+목+금,일+월+화+수+목+금,일+월+화+수+목+금
경상북도,청송군,6권역,일+월+화+수+목+금,일+월+화+수+목+금,일+월+화+수+목+금
경상북도,청송군,7권역,일+월+화+수+목+금,일+월+화+수+목+금,일+월+화+수+목+금
경상북도,청송군,4권역,일+월+화+수+목+금,일+월+화+수+목+금,일+월+화+수+목+금
경상북도,청송군,2권역,일+월+화+수+목+금,일+월+화+수+목+금,일+월+화+수+목+금
경상북도,청송군,3권역,일+월+화+수+목+금,일+월+화+수+목+금,일+월+화+수+목+금
경상북도,영양군,영양읍,월+화+수+목+금+토,월+화+수+목+금+토,월+화+수+목+금+토
경상북도,영양군,수비면,월+화+수+목+금+토,월+화+수+목+금+토,월+화+수+목+금+토
경상북도,영양군,입암면,월+화+수+목+금+토,월+화+수+목+금+토,월+화+수+목+금+토
경상북도,영양군,일월면,월+화+수+목+금+토,월+화+수+목+금+토,월+화+수+목+금+토
경상북도,영양군,청기면,월+화+수+목+금+토,월+화+수+목+금+토,월+화+수+목+금+토
경상북도,영양군,석보면,월+화+수+목+금+토,월+화+수+목+금+토,월+화+수+목+금+토
경상북도,영덕군,영해권역,월+화+수+목+금,월+화+수+목+금,월+화+수+목+금
경상북도,영덕군,영덕권역,월+화+수+목+금,월+화+수+목+금,월+화+수+목+금
경상북도,영덕군,남정권역,월+화+수+목+금,월+화+수+목+금,월+화+수+목+금
경상북도,영덕군,강구권역,월+화+수+목+금,월+화+수+목+금,월+화+수+목+금
경상북도,영덕군,축산권역,월+화+수+목+금,월+화+수+목+금,월+화+수+목+금
경상북도,영덕군,창수권역,월+화+수+목+금,월+화+수+목+금,월+화+수+목+금
경상북도,청도군,청도군,월+수+금,월+수+금,목
경상북도,고령군,없음,월+수+금+토,월+수+금+토,화+목
경상북도,성주군,2권역,수,수,수
경상북도,성주군,1권역,월+화+수+목+금+토,월+화+수+목+금+토,월+화+수+목+금+토
경상북도,칠곡군,1권역,일+월+화+수+목+금,일+월+화+수+목+금,일+월+수+목
경상북도,칠곡군,2권역,일+월+화+수+목+금,일+월+화+수+목+금,일+월+수+목
경상북도,예천군,없음,일+월+화+수+목,일+월+화+수+목,화+일+월+수+목
경상북도,봉화군,3권역,월+화+수+목+토,월+화+수+목+토,화+목
경상북도,봉화군,2권역,월+화+수+목+토,월+화+수+목+토,화+목
경상북도,봉화군,1권역,월+화+수+목+토,월+화+수+목+토,화+목
경상북도,울진군,2권역,일+월+화+수+목+금,일+월+화+수+목+금+토,일+월+화+수+목+금
경상북도,울진군,울진군 관내 10개 읍면,일+월+목+수+금,일+월+화+수+목+금,일+월+화+수+목+금
경상북도,울진군,1권역,일+월+화+수+목+금,일+월+화+수+목+금+토,일+월+화+수+목+금
경상북도,울릉군,거점수거,일+월+화+수+목+금+토,일+월+화+수+목+금+토,일+월+화+수+목+금+토
경상남도,진주시,3구역,일+화+목,일+화+목,일+화+목
경상남도,진주시,직영,일+화+목,토,화+목
경상남도,진주시,1구역,일+화+목,일+화+목,일+화+목
경상남도,진주시,2구역,토,일+목,토
경상남도,진주시,4구역,월+수+금,일+화+목,화+수
경상남도,통영시,제2구역,일+월+화+수+목+금,일+월+화+수+목+금,일+월+화+수+목+금
경상남도,통영시,제3구역,월+수+금,월+수+금,월+수+금
경상남도,통영시,제1구역,월+수+금+기타,월+수+금+기타,월+수+금+기타
경상남도,통영시,제4구역,월+금,월+금,월+금
경상남도,통영시,제5구역,월+수+금,월+수+금,월+수+금
경상남도,사천시,사천시,월+화+수+목+금+토,월+화+수+목+금+토,월+화+수+목+금+토
경상남도,김해시,없음,일+월+화+수+목,일+월+화+수+목,일+월+화+수+목
경상남도,밀양시,자연마을거점수거,화+목+금,화+목+금,금
경상남도,밀양시,"내이동,교동,부북면 지동(구치소까지)",월+화+수+목+금,월+수+금,월+화+수+목+금
경상남도,밀양시,"가곡동(남포동),삼랑진읍 외송 1,2외,하남읍 시동1,2,3리 외,상남면 예림1,2 외",월+화+수+목+금,월+수+금,월+화+수+목+금
경상남도,밀양시,"자연마을
거점수거",월+수+금,월+수+금,수
경상남도,밀양시,"내일동(용평동, 활성동),삼문동,무안면(동부,서부)",월+화+수+목+금,화+목+금,월+화+수+목+금
경상남도,거제시,1구역,일+월+화+수+목+금,일+월+화+수+목+금,일+월+화+수+목+금
경상남도,거제시,2구역,일+월+화+수+목+금,일+월+화+수+목+금,월+수+금
경상남도,거제시,5구역,일+월+화+수+목+금,일+월+화+수+목+금,월+수+금
경상남도,거제시,3구역,일+월+화+수+목+금,일+월+화+수+목+금,월+수+금
경상남도,거제시,4구역,일+월+화+수+목+금,일+월+화+수+목+금,일+월+화+수+목+금
경상남도,거제시,6구역,일+월+화+수+목+금,일+월+화+수+목+금,일+월+화+수+목+금
경상남도,양산시,"4구역, 음1구역",월+수+금,일+월+수+목+금,일+화+목
경상남도,양산시,"1구역, 음1구역",일+수+금,일+월+수+목+금,월+화+목
경상남도,양산시,"3구역, 음1구역",월+화+목,일+월+수+목+금,일+수+금
경상남도,양산시,"2구역, 음2구역",일+화+금,일+월+화+수+금,월+수+목
경상남도,양산시,"3구역, 음2구역",월+화+목,일+월+화+수+금,일+수+금
경상남도,의령군,없음,월+화+수+목+금+토,월+화+수+목+금+토,월+화+수+목+금+토
경상남도,함안군,2권역,월+수+금,월+수+금,월+수+금
경상남도,함안군,1권역,월+화+수+목+금,월+화+수+목+금,월+목
경상남도,창녕군,창녕군 전지역(1구역~5구역),일+월+화+수+목+금,일+월+화+수+목+금,일+월+화+수+목+금
경상남도,고성군,1권역,월+금,월+금,월+금
경상남도,고성군,2권역,월+금,월+금,월+금
경상남도,고성군,3권역,화+목+토,화+목+토,화+목+토
경상남도,남해군,면지역2,월+금,화+목+토,화+수+목
경상남도,남해군,면지역1,월+금,월+수+금,화+수+목
경상남도,남해군,읍도심,월+수+금,월+화+수+목+금,월+화+수+목+금
경상남도,남해군,면지역3,월+금,화+목+토,화+수+목
경상남도,남해군,읍외곽,월+목,월+화+수+목+금,화+수
경상남도,하동군,1구역,월+화+수+목+금+토,월+화+수+목+금+토,목
경상남도,하동군,12구역,월+수+금,월+수+금,목
경상남도,하동군,11구역,월+화+수+목+금,화+월+수+목+금,화+목
경상남도,하동군,8구역,월+수+금,월+수+금,화+목
경상남도,하동군,9구역,월+화+수+목+금+토,월+화+수+목+금+토,목
경상남도,하동군,2구역,월+화+수+목+금+토,월+화+수+목+금+토,목
경상남도,하동군,5구역,월+수+금,수+월+금,월+수+금
경상남도,하동군,6구역,월+수+금,월+수+금,수
경상남도,하동군,4구역,월+수+금,월+수+금,월+수+금
경상남도,하동군,13구역,월+화+수+목+금,월+수+화+목+금,월+화+수+목+금
경상남도,하동군,7구역,월+화+수+목+금,월+화+수+목+금,목
경상남도,하동군,10구역,화+목,화+목,화+목
경상남도,하동군,3구역,월+화+수+목+금,월+화+수+목+금,월+화+수+목+금
경상남도,산청군,덕촌마을,화,화,수
경상남도,산청군,시천면 천평리,수,수,수
경상남도,산청군,시천면 원리,일+월+수+목,월,월
경상남도,산청군,금서농공단지,일+수,일+수,월
경상남도,산청군,금서면 신아마을,일+수,일+수,수
경상남도,산청군,신안면 안봉리,화,화,화
경상남도,산청군,신안면 소재지12,일+월+화+수+목,일+화+목,일+수+목
경상남도,산청군,산청읍 소재지11,일+월+화+수+목,일+화+목,월+수
경상남도,산청군,신안면 소재지14,일+월+화+수+목,일+화+목,일+수+목
경상남도,산청군,신등면 율현마을,목,목,화+수
경상남도,산청군,시천면 신천리,일+월+수+목,일+월+수+목,일+월+수+목
경상남도,산청군,차황면 우사,목,목,화
경상남도,산청군,생비량면 봉두,화,화,화
경상남도,산청군,생비량면 가실,화,화,화
경상남도,산청군,차황면 상중,월,월,수
경상남도,산청군,신안면 하정리,목,목,목
경상남도,산청군,단성면 당산리,월,일+화+목,화
경상남도,산청군,지곡마을,월,월,월
경상남도,산청군,삼장면 대포숲,화,화,화
경상남도,산청군,신안면 소재지3,일+월+화+수+목,일+화+목,일+수+목
경상남도,산청군,생비량면 하능,목,목,화
경상남도,산청군,신등면 수청마을,월+목,월+목,화
경상남도,산청군,단성면 방목리,일+수,일+화+목,월
경상남도,산청군,시천면 내대리,월+목,월+목,월+목
경상남도,산청군,생비량면 상능,목,목,화
경상남도,산청군,모고마을,목,목,목
경상남도,산청군,신안면 소재지9,일+월+화+수+목,일+화+목,일+수+목
경상남도,산청군,단성면 입석리,수,일+화+목,수
경상남도,산청군,생초면 하촌마을,일+수,일+수,수
경상남도,산청군,삼장면 서촌마을,화,화,화
경상남도,산청군,신안면 장죽리,월,월+수,화
경상남도,산청군,신안면 소재지10,일+월+화+수+목,일+화+목,일+화+목
경상남도,산청군,신안면 갈전리,수,수,수
경상남도,산청군,금서면 특리,화,화,수
경상남도,산청군,신안면 소이리,화,화,화
경상남도,산청군,내부마을,화,화,화
경상남도,산청군,차황면 소재지,월+목,월+목,화+수
경상남도,산청군,신안면 소재지2,일+월+화+수+목,일+화+목,일+수+목
경상남도,산청군,생초면 소재지3,일+월+화+수+목,일+화+목,수
경상남도,산청군,운곡마을,목,목,화
경상남도,산청군,신등면 소재지2,일+월+화+수+목,일+화+목,화
경상남도,산청군,금서면 주암마을,일+수,일+수,수
경상남도,산청군,시천면 소재지2,일+월+화+수+목,일+화+목,일+수+목
경상남도,산청군,신등면 소재지1,일+월+화+수+목,일+화+목,화
경상남도,산청군,지성마을,월+목,월+목,월+목
경상남도,산청군,생비량면 고치,목,목,화
경상남도,산청군,차황면 철수,목,목,화+수
경상남도,산청군,생비량면 대둔,월+목,월+목,월+목
경상남도,산청군,차황면 신기,수,수,수
경상남도,산청군,신안면 청현리,화,화,목
경상남도,산청군,외부마을,화,화,화
경상남도,산청군,금서면 쌍효마을,수,수,수
경상남도,산청군,신안면 외송리,일+수,일,월
경상남도,산청군,오부면 오전,월,월,수
경상남도,산청군,생초면 소재지5,일+월+화+수+목,일+화+목,수
경상남도,산청군,금서면 구아마을,일+수,일+수,수
경상남도,산청군,시천면 소재지4,일+월+화+수+목,일+화+목,일+수+목
경상남도,산청군,금서면 신촌마을,일+수,일+수,월
경상남도,산청군,산청읍 소재지5,일+월+화+수+목,일+화+목,월+수
경상남도,산청군,산청읍 소재지3,일+월+화+수+목,일+화+목,월+수
경상남도,산청군,차황면 상법,월,월,월
경상남도,산청군,시천면 동당리,월,월,월
경상남도,산청군,단성면 청계리,일+수,일+화+목,월
경상남도,산청군,단성면 소재지4,일+월+화+수+목,일+화+목,일+수+목
경상남도,산청군,삼장면 송정마을,화,화,화
경상남도,산청군,생초면 구기마을,일+수,일+수,수
경상남도,산청군,차탄마을,화,화,수
경상남도,산청군,척지마을,수,수,수
경상남도,산청군,오부면 오성,수,수,수
경상남도,산청군,생초면 소재지4,일+월+화+수+목,일+화+목,수
경상남도,산청군,신안면 소재지13,일+월+화+수+목,일+화+목,일+수+목
경상남도,산청군,금서면 창주마을2,일+월+화+수+목,일+화+목,월
경상남도,산청군,한밭마을,월,월,월
경상남도,산청군,삼장면 덕교마을,화,화,화
경상남도,산청군,차황면 실매,월,월,월
경상남도,산청군,외정마을,월+목,월+목,수
경상남도,산청군,삼장면 상촌마을,화,화,화
경상남도,산청군,신안면 소재지5,일+월+화+수+목,일+화+목,일+수+목
경상남도,산청군,단성면 강누리,일+월+화+수+목,일+화+목,일+수+목
경상남도,산청군,송경마을,목,목,목
경상남도,산청군,단성면 소재지3,일+월+화+수+목,일+화+목,일+수+목
경상남도,산청군,단성면 사월리,월,일+화+목,일
경상남도,산청군,삼장면 보안마을,화,화,화
경상남도,산청군,단성면 소남리,일,일+화+목,일
경상남도,산청군,단성면 자양리,일+수,월+수,월
경상남도,산청군,신안면 소재지4,일+월+화+수+목,일+화+목,일+수+목
경상남도,산청군,생비량면 방골,화,화,화
경상남도,산청군,내수마을,화,화,수
경상남도,산청군,시천면 반천리,월,월,월
경상남도,산청군,산청읍 소재지4,일+월+화+수+목,일+화+목,월+수
경상남도,산청군,삼장면 동촌마을,화,화,화
경상남도,산청군,생비량면 신기,일+목,일+목,화
경상남도,산청군,단성면 호리,월,일+화+목,화
경상남도,산청군,생비량면 가계리,화,화,화
경상남도,산청군,차황면 삼거,월,월,수
경상남도,산청군,단성면 소재지2,일+월+화+수+목,일+화+목,일+수+목
경상남도,산청군,금서면 지막마을,일+수,일+수,월
경상남도,산청군,신안면 외고리,화,화,화
경상남도,산청군,차황면 창평,수,수,수
경상남도,산청군,시천면 소재지3,일+월+화+수+목,일+화+목,일+수+목
경상남도,산청군,차황면 만암,월,월,월
경상남도,산청군,신안면 신안리,화+목,화+목,월
경상남도,산청군,금서면 신풍마을,화,화,월
경상남도,산청군,금서면 향양마을,일+수,일+수,월
경상남도,산청군,바람재마을,월,월,월
경상남도,산청군,차황면 궁소,목,목,목
경상남도,산청군,단성면 창촌리,일+수,일+화+목,일+수
경상남도,산청군,생초면 소재지2,일+월+화+수+목,일+화+목,수
경상남도,산청군,차황면 신촌,월,월,월
경상남도,산청군,산청읍 소재지7,일+월+화+수+목,일+화+목,월+수
경상남도,산청군,삼장면 평촌마을,화,화,화
경상남도,산청군,생비량면 제보,화,화,화
경상남도,산청군,단성면 묵곡리,월,일+화+목,일
경상남도,산청군,금서면 수철마을,일+수,일+수,월
경상남도,산청군,단성면 길리,월+수,월+수,월
경상남도,산청군,산청읍 소재지1,일+월+화+수+목,일+화+목,월+수
경상남도,산청군,신등면 법물마을,월,월,화
경상남도,산청군,단성면 소재지,일+월+화+수+목,일+화+목,일+수+목
경상남도,산청군,생초면 소재지 1,일+월+화+수+목,일+화+목,수
경상남도,산청군,금서면 덕촌마을,화,화,수
경상남도,산청군,생초면 소재지6,일+월+화+수+목,일+화+목,수
경상남도,산청군,신안면 소재지6,일+월+화+수+목,일+화+목,일+수+목
경상남도,산청군,생초면 상촌마을,일+수,일+수,수
경상남도,산청군,신안면 문대리,화,화,목
경상남도,산청군,생비량면 방화 모텔,목,목,목
경상남도,산청군,단성면 성내리,수,일+화+목,수
경상남도,산청군,신등면 가림마을,목,목,화
경상남도,산청군,범학마을,월,월,월
경상남도,산청군,금서면 신정마을,일+수,일+수,월
경상남도,산청군,신안면 소재지7,일+월+화+수+목,일+화+목,일+수+목
경상남도,산청군,병정마을,화,화,화
경상남도,산청군,산청읍 소재지9,일+월+화+수+목,일+화+목,월+수
경상남도,산청군,오부면 소재지,수,수,수
경상남도,산청군,금서면 평촌마을,일+수,일+수,월
경상남도,산청군,삼장면 석남마을,화,화,화
경상남도,산청군,신등면 모례리,목,목,화+수
경상남도,산청군,산청읍 소재지6,일+월+화+수+목,일+화+목,월+수
경상남도,산청군,신안면 소재지11,일+월+화+수+목,일+화+목,일+수+목
경상남도,산청군,신안면 소재지,일+월+화+수+목,일+화+목,일+수+목
경상남도,산청군,시천면 소재지,일+월+화+수+목,일+화+목,일+수+목
경상남도,산청군,산청읍 소재지2,일+월+화+수+목,일+화+목,월+수
경상남도,산청군,삼장면 소재지,화,화,화
경상남도,산청군,생비량면 방화,목,목,화
경상남도,산청군,금서면 매촌마을1,일+수,일+화+목,월
경상남도,산청군,임촌마을,목,목,목
경상남도,산청군,금서면 자혜마을,수,수,수
경상남도,산청군,산청 어천(어리내),일+수,일+수,월
경상남도,산청군,내정마을,수,수,수
경상남도,산청군,생비량면 법평,화,화,화
경상남도,산청군,자신마을,월,월,월
경상남도,산청군,생비량면 송계,화,화,화
경상남도,산청군,신등면 청산마을,월,월,화
경상남도,산청군,생초면 소재지7,일+월+화+수+목,일+화+목,수
경상남도,산청군,단성면 관정리,일,일+화+목,일
경상남도,산청군,신안면 소재지8,일+월+화+수+목,일+화+수+목,일+수+목
경상남도,산청군,장재마을,화,화,수
경상남도,산청군,풍현마을,목,목,목
경상남도,산청군,신등면 월평마을,목,목,화
경상남도,산청군,신기마을,목,목,목
경상남도,산청군,금서면 상촌마을,수,수,수
경상남도,산청군,단성면 남사리,월+수,월+수,일
경상남도,산청군,금서면 방곡마을,수,수,수
경상남도,산청군,산청읍 소재지10,일+월+화+수+목,일+화+목,월+수
경상남도,산청군,금서면 매촌마을2,일+수,일+화+목,월
경상남도,산청군,신안면 신기리,화,화,수
경상남도,산청군,시천면 중산리,일+수,월+수,월+목
경상남도,산청군,시천면 소재지5,일+월+화+수+목,일+화+목,일+수+목
경상남도,산청군,시천면 외공리,수,수,월
경상남도,산청군,금서면 창주마을1,일+월+화+수+목,일+화+목,월
경상남도,산청군,차황면 양곡,월,월,월
경상남도,산청군,금서면 화계마을,일+수,일+수,수
경상남도,산청군,생비량면 사대,목,목,화
경상남도,산청군,산청읍 소재지8,일+월+화+수+목,일+화+목,월+수
경상남도,함양군,생활쓰레기 배출지점,일+월+화+수+목+금,일+월+화+수+목+금,일+월+화+수+목+금
경상남도,거창군,거창군,수,수,수
경상남도,합천군,쌍책면,월,월,월
경상남도,합천군,묘산면,월,월,월
경상남도,합천군,합천읍,월+화+목+금+토,월+화+목+금+토,수
경상남도,합천군,대양면,수,수,수
경상남도,합천군,가야면,월+수+금,월+금,수
경상남도,합천군,율곡면,수,수,화+목
경상남도,합천군,용주면,화,화,화
경상남도,합천군,덕곡면,월+화+수+목+금,월+수+금,월+화+수+목+금
경상남도,합천군,봉산면,월,월,월
경상남도,합천군,대병면,월+금,월+금,화+수+목
경상남도,합천군,청덕면,월,월,월
경상남도,합천군,삼가면,금,금,금
경상남도,합천군,쌍백면,금,금,금
경상남도,합천군,가회면,월+목,월+목,월+목
경상남도,합천군,적중면,화,화,화
경상남도,합천군,야로면,화+목,월+금,수
경상남도,합천군,초계면,월+화+수+목+금+토,월+화+수+목+금+토,월+화+수+목+금+토
경기도,화성시,화성시,월+화+수+목+금,월+화+수+목+금,월+화+수+목+금
경기도,광주시,5권역,기타,기타,기타
경기도,광주시,3권역,기타,기타,기타
경기도,광주시,2권역,기타,기타,기타
경기도,광주시,1권역,기타,기타,기타
경기도,광주시,4권역,기타,기타,기타
경기도,광주시,7권역,기타,기타,기타
경기도,광주시,6권역,기타,기타,기타
충청북도,증평군,해당없음,일+월+화+수+목+금+토,일+월+화+수+목+금+토,일+월+화+수+목+금+토
충청남도,계룡시,1권역,일+월+화+수+목+금,일+월+화+수+목+금,월+목
경기도,양주시,2권역,일+월+화+수+목+금,일+월+화+수+목+금,일+월+화+수+목+금
경기도,양주시,6권역,일+월+화+수+목+금,일+월+화+수+목+금,일+월+화+수+목+금
경기도,양주시,5권역,일+월+화+수+목+금,일+월+화+수+목+금,일+월+화+수+목+금
경기도,양주시,4권역,일+월+화+수+목+금,일+월+화+수+목+금,일+월+화+수+목+금
경기도,양주시,3권역,일+월+화+수+목+금,일+월+화+수+목+금,일+월+화+수+목+금
경기도,양주시,1권역,일+월+화+수+목+금,일+월+화+수+목+금,일+월+화+수+목+금
경기도,양주시,7권역,일+월+화+수+목+금,일+월+화+수+목+금,일+월+화+수+목+금
경기도,포천시,2권역,일+월+화+수+목,일+월+화+수+목,일+월+화+수+목
경기도,포천시,3권역,일+월+화+수+목,일+월+화+수+목,일+월+화+수+목
경기도,포천시,4권역,일+월+화+수+목,일+월+화+수+목,일+월+화+수+목
경기도,포천시,1권역,일+월+화+수+목,일+월+화+수+목,일+월+화+수+목
경상남도,창원시,경상남도 창원시 마산회원구,일+월+화+수+목+금,일+월+화+수+목+금,일+화+수+목
경상남도,창원시,의창구,일+월+화+수+목+금,일+월+화+수+목+금,금
경상남도,창원시,진해구,일+월+화+수+목+금,일+월+화+수+목+금,일
경상남도,창원시,마산합포구,일+월+화+목+금,일+월+화+목+금,수
경상남도,창원시,성산구,일+월+화+수+목+금,일+월+화+수+목+금,수
경상남도,창원시,마산회원구,일+월+화+목+금,일+월+화+목+금,수
충청남도,당진시,생활 9팀,월+화+수+목+금,월+화+수+목+금,화
충청남도,당진시,생활 6팀,월+화+수+목+금,월+화+수+목+금,월+화+수+목+금
충청남도,당진시,농촌1팀,금,금,금
충청남도,당진시,생활 7팀,월+화+수+목+금,월+화+수+목+금,목
충청남도,당진시,신평(자체수거),수,수,수
충청남도,당진시,음식물 2팀,월+화+수+목+금,월+화+수+목+금,월+화+수+목+금
충청남도,당진시,생활 8팀,월+화+수+목+금,월+화+수+목+금,목
충청남도,당진시,생활 1팀,월+화+수+목+금,월+화+수+목+금,월+화+수+목+금
충청남도,당진시,송악(자체수거),월,월,월
충청남도,당진시,합덕(자체수거),수,수,수
충청남도,당진시,생활 3팀,월+화+수+목+금,월+화+수+목+금,월+화+수+목+금
충청남도,당진시,생활 15팀,월+화+수+목+금,월+화+수+목+금,월+화+수+목+금
충청남도,당진시,생활 12팀,월+화+수+목+금,월+화+수+목+금,목
충청남도,당진시,생활 14팀,월+화+수+목+금,월+화+수+목+금,목
충청남도,당진시,생활 10팀,월+화+수+목+금,월+화+수+목+금,수
충청남도,당진시,생활 20팀,월+화+수+목+금,월+화+수+목+금,월+화+수+목+금
충청남도,당진시,석문(자체수거),금,금,금
충청남도,당진시,생활 16팀,월+화+수+목+금,월+화+수+목+금,월+화+수+목+금
충청남도,당진시,생활 19팀,월+화+수+목+금,월+화+수+목+금,월+화+수+목+금
충청남도,당진시,생활 13팀,월+화+수+목+금,월+화+수+목+금,화
충청남도,당진시,생활 17팀,월+화+수+목+금,월+화+수+목+금,월+화+수+목+금
충청남도,당진시,생활 11팀,월+화+수+목+금,월+화+수+목+금,수
충청남도,당진시,생활 5팀,월+화+수+목+금,월+화+수+목+금,월+화+수+목+금
충청남도,당진시,생활 4팀,월+화+수+목+금,월+화+수+목+금,월+화+수+목+금
충청남도,당진시,농촌2팀,수,수,수
충청남도,당진시,음식물 3팀,월+화+수+목+금,월+화+수+목+금,월+화+수+목+금
충청남도,당진시,생활 2팀,월+화+수+목+금,월+화+수+목+금,월+화+수+목+금
충청남도,당진시,음식물 1팀,월+화+수+목+금,월+화+수+목+금,월+화+수+목+금
충청남도,당진시,생활 18팀,월+화+수+목+금,월+화+수+목+금,월+화+수+목+금
충청남도,당진시,음식물 4팀,월+화+수+목+금,월+화+수+목+금,월+화+수+목+금
세종특별자치시,없음,세종특별자치시(1권역),일+월+화+수+목+금,일+월+화+수+목+금,일+월+수+목
세종특별자치시,없음,세종특별자치시(5권역),일+월+화+수+목+금,일+월+화+수+목+금,일+월+화+수+목+금
세종특별자치시,없음,세종특별자치시(3권역B),일+월+화+목+금,일+월+화+목+금,일+월+화+수+금
세종특별자치시,없음,세종특별자치시(2권역),일+월+화+수+목+금,일+월+화+수+목+금,일+월+수+목
세종특별자치시,없음,세종특별자치시(4권역),일+월+화+수+목+금,일+월+화+수+목+금,일+월+화+수+목+금
세종특별자치시,없음,세종특별자치시(동지역),일+월+화+수+목+금+토,일+월+화+수+목+금+토,일+화+목
세종특별자치시,없음,세종특별자치시(3권역A),일+월+화+목+금,일+월+화+목+금,일+월+화+수+금
경기도,여주시,여주시,월+화+수+목+금,월+화+수+목+금,월+화+수+목+금
전남광주통합특별시,목포시,1권역,일+월+화+수+목+금,월+수+금,일+월+화+수+목+금
전남광주통합특별시,목포시,2권역,일+월+화+수+목+금,화+목+토,일+월+화+수+목+금
전남광주통합특별시,여수시,없음,월+화+수+목+금+토,월+화+수+목+금+토,월+화+수+목+금+토
전남광주통합특별시,순천시,24개 읍면동,월+화+수+목+금,월+화+수+목+금+토,월+화+수+목+금
전남광주통합특별시,나주시,나주시 전역,월+목+일+수,일+월+화+수+목+금,화
전남광주통합특별시,광양시,광양시,월+화+수+목+금+토,월+화+수+목+금+토,월+화+수+목+금+토
전남광주통합특별시,동구,없음,월+화+수+목+금+토,월+화+수+목+금+토,월+화+수+목+금+토
전남광주통합특별시,서구,없음,일+월+화+수+목+금,일+월+화+수+목+금,일+월+화+수+목+금
전남광주통합특별시,남구,전남광주통합특별시 남구,월+화+수+목+금+토,월+화+수+목+금+토,월+화+수+목+금+토
전남광주통합특별시,북구,북구1,월+화+수+목+금,월+화+수+목+금,월+수+금
전남광주통합특별시,북구,북구3,월+화+수+목+금,월+화+수+목+금,화+금
전남광주통합특별시,북구,북구2,월+화+수+목+금,월+화+수+목+금,화+목+토
전남광주통합특별시,광산구,1권역,일+월+화+수+목+금,일+월+화+수+목+금,월+수+금
전남광주통합특별시,광산구,4권역,일+월+화+수+목+금,일+월+화+수+목+금,화+금
전남광주통합특별시,광산구,5권역,일+월+화+수+목+금,일+월+화+수+목+금,수+토
전남광주통합특별시,광산구,2권역,일+월+화+수+목+금,일+월+화+수+목+금,화+목+토
전남광주통합특별시,광산구,3권역,일+월+화+수+목+금,일+월+화+수+목+금,월+목
전남광주통합특별시,담양군,담양,월+화+수+목+금+토,월+화+수+목+금+토,월+화+수+목+금+토
전남광주통합특별시,곡성군,1권역,일+월+화+수+목+금+토,일+월+화+수+목+금+토,일+월+화+수+목+금+토
전남광주통합특별시,곡성군,10권역,일+월+화+수+목+금+토,일+월+화+수+목+금+토,일+월+화+수+목+금+토
전남광주통합특별시,곡성군,9권역,일+월+화+수+목+금+토,일+월+화+수+목+금+토,일+월+화+수+목+금+토
전남광주통합특별시,곡성군,8권역,일+월+화+수+목+금+토,일+월+화+수+목+금+토,일+월+화+수+목+금+토
전남광주통합특별시,곡성군,7권역,일+월+화+수+목+금+토,일+월+화+수+목+금+토,일+월+화+수+목+금+토
전남광주통합특별시,곡성군,6권역,일+월+화+수+목+금+토,일+월+화+수+목+금+토,일+월+화+수+목+금+토
전남광주통합특별시,곡성군,5권역,일+월+화+수+목+금+토,일+월+화+수+목+금+토,일+월+화+수+목+금+토
전남광주통합특별시,곡성군,11권역,일+월+화+수+목+금+토,일+월+화+수+목+금+토,일+월+화+수+목+금+토
전남광주통합특별시,곡성군,2권역,일+월+화+수+목+금+토,일+월+화+수+목+금+토,일+월+화+수+목+금+토
전남광주통합특별시,곡성군,4권역,일+월+화+수+목+금+토,일+월+화+수+목+금+토,일+월+화+수+목+금+토
전남광주통합특별시,곡성군,3권역,일+월+화+수+목+금+토,일+월+화+수+목+금+토,일+월+화+수+목+금+토
전남광주통합특별시,곡성군,곡성군,일+월+화+수+목+금+토,일+월+화+수+목+금+토,일+월+화+수+목+금+토
전남광주통합특별시,구례군,2권역,월+화+목+금,화+수+금,수
전남광주통합특별시,구례군,1권역,월+화+목+금+토,월+화+수+목+금+토,수
전남광주통합특별시,구례군,4권역,월+화+목+금,월+수+금+토,수
전남광주통합특별시,구례군,5권역,월+화+금,월+목+토,수
전남광주통합특별시,구례군,3권역,월+화+목+금,화+수+금,수
전남광주통합특별시,고흥군,고흥군,목,목,수+목
전남광주통합특별시,보성군,1권역,월+화+수+목+금,월+화+수+목+금,월+화+수+목+금
전남광주통합특별시,화순군,없음,일+월+화+수+목+금+토,일+월+화+수+목+금+토,일+월+화+수+목+금+토
전남광주통합특별시,장흥군,유치면,월+화+수+목+금,월+화+수+목+금,월+화+수+목+금
전남광주통합특별시,장흥군,장평면,월+화+수+목+금,화+수+목+금,수+목
전남광주통합특별시,장흥군,안양면,월+화+수+목+금,월+수+금,화+목
전남광주통합특별시,장흥군,용산면,월+화+수+목+금,월+화+수+목+금,월+화+수+목+금
전남광주통합특별시,장흥군,대덕읍,월+화+수+목+금,월+화+수+목+금,월+화+수+목+금
전남광주통합특별시,장흥군,관산읍,월+화+수+목+금,월+화+수+목+금,월+화+수+목+금
전남광주통합특별시,장흥군,장흥읍,일+월+화+수+목+금+토,일+월+화+수+목+금+토,일+월+화+수+목+금+토
전남광주통합특별시,장흥군,부산면,월+화+수+목+금,월+화+수+목+금,월+화+수+목+금
전남광주통합특별시,장흥군,회진면,월+화+수+목+금,월+화+수+목+금,월+화+수+목+금
전남광주통합특별시,장흥군,장동면,화+수+목+금,화+금,월+수+목+금
전남광주통합특별시,강진군,"군동, 작천, 병영, 옴천(금)",금,월+수+금,금
전남광주통합특별시,강진군,"군동, 작천, 병영, 옴천(목)",목,월+수+금,목
전남광주통합특별시,강진군,"군동, 작천, 병영, 옴천(수)",수,월+수+금,수
전남광주통합특별시,강진군,"군동, 작천, 병영, 옴천(화)",화,월+수+금,화
전남광주통합특별시,강진군,"군동, 작천, 병영, 옴천(월)",월,월+수+금,월
전남광주통합특별시,강진군,"성전, 도암, 신전(토)",토,화+목+토,토
전남광주통합특별시,강진군,"성전, 도암, 신전(금)",금,화+목+토,금
전남광주통합특별시,강진군,"성전, 도암, 신전(목)",목,화+목+토,목
전남광주통합특별시,강진군,"칠량, 대구, 마량(화)",화,월+수+금,화
전남광주통합특별시,강진군,"칠량, 대구, 마량(수)",수,월+수+금,수
전남광주통합특별시,강진군,"칠량, 대구, 마량(목)",목,월+수+금,목
전남광주통합특별시,강진군,"칠량, 대구, 마량(금)",금,월+수+금,금
전남광주통합특별시,강진군,"칠량, 대구, 마량(토)",토,월+수+금,토
전남광주통합특별시,강진군,"성전, 도암, 신전(월)",월,화+목+토,월
전남광주통합특별시,강진군,"성전, 도암, 신전(화)",화,화+목+토,화
전남광주통합특별시,강진군,"성전, 도암, 신전(수)",수,화+목+토,수
전남광주통합특별시,강진군,강진읍(월),월,월+수+금,월
전남광주통합특별시,강진군,강진읍(화),화,화+목+토,화
전남광주통합특별시,강진군,강진읍(수),수,월+수+금,수
전남광주통합특별시,강진군,강진읍(목),목,화+목+토,목
전남광주통합특별시,강진군,강진읍(금),금,월+수+금,금
전남광주통합특별시,강진군,강진읍(토),토,화+목+토,토
전남광주통합특별시,강진군,"칠량, 대구, 마량(월)",월,월+수+금,월
전남광주통합특별시,해남군,해남군,월+화+수+목+금,월+화+수+목+금,월+화+수+목+금
전남광주통합특별시,영암군,시종면,월+화+수+목+금,월+화+수+목+금,월+화+수+목+금
전남광주통합특별시,영암군,영암읍,월+화+수+목+금,월+화+수+목+금,월+화+수+목+금
전남광주통합특별시,영암군,삼호읍 용앙리,월+화+수+목+금,월+화+수+목+금,월+화+수+목+금
전남광주통합특별시,영암군,삼호읍 용당리,월+화+수+목+금,월+화+수+목+금,월+화+수+목+금
전남광주통합특별시,영암군,도포면,월+화+수+목+금,월+화+수+목+금,월+화+수+목+금
전남광주통합특별시,영암군,금정면,월+화+수+목+금,월+화+수+목+금,월+화+수+목+금
전남광주통합특별시,영암군,신북면,월+화+수+목+금,월+화+수+목+금,월+화+수+목+금
전남광주통합특별시,영암군,학산면,월+화+수+목+금,월+화+수+목+금,월+화+수+목+금
전남광주통합특별시,영암군,서호면,월+화+수+목+금,월+화+수+목+금,월+화+수+목+금
전남광주통합특별시,영암군,군서면,월+화+수+목+금,월+화+수+목+금,월+화+수+목+금
전남광주통합특별시,영암군,미암면,월+화+수+목+금,월+화+수+목+금,월+화+수+목+금
전남광주통합특별시,영암군,덕진면,월+화+수+목+금,월+화+수+목+금,월+화+수+목+금
전남광주통합특별시,무안군,무안군,월+화+수+목+금,월+화+수+목+금+토,월+화+수+목+금
전남광주통합특별시,함평군,함평군,월+화+수+목+금,월+화+수+목+금,월+화+수+목+금
전남광주통합특별시,영광군,영광군 일원(낙월면 제외),일+월+수+금,일+월+화+수+목+금,화+목
전남광주통합특별시,장성군,없음,월+화+수+목+금,월+화+수+목+금+토,금
전남광주통합특별시,완도군,완도읍,일+월+화+수+목+금+토,일+월+화+수+목+금+토,일+월+화+수+목+금+토
전남광주통합특별시,완도군,생일면,일+월+화+수+목+금+토,일+월+화+수+목+금+토,일+월+화+수+목+금+토
전남광주통합특별시,완도군,금일읍,일+월+화+수+목+금+토,일+월+화+수+목+금+토,일+월+화+수+목+금+토
전남광주통합특별시,완도군,노화읍,일+월+화+수+목+금+토,일+월+화+수+목+금+토,일+월+화+수+목+금+토
전남광주통합특별시,완도군,군외면,일+월+화+수+목+금+토,월+목,일+월+화+수+목+금+토
전남광주통합특별시,완도군,신지면,일+월+화+수+목+금+토,월+목,일+월+화+수+목+금+토
전남광주통합특별시,완도군,고금면,일+월+화+수+목+금+토,일+월+화+수+목+금+토,일+월+화+수+목+금+토
전남광주통합특별시,완도군,약산면,일+월+화+수+목+금+토,일+월+화+수+목+금+토,일+월+화+수+목+금+토
전남광주통합특별시,완도군,청산면,일+월+화+수+목+금+토,일+월+화+수+목+금+토,일+월+화+수+목+금+토
전남광주통합특별시,완도군,소안면,일+월+화+수+목+금+토,일+월+화+수+목+금+토,일+월+화+수+목+금+토
전남광주통합특별시,완도군,금당면,일+월+화+수+목+금+토,일+월+화+수+목+금+토,일+월+화+수+목+금+토
전남광주통합특별시,완도군,보길면,일+월+화+수+목+금+토,일+월+화+수+목+금+토,일+월+화+수+목+금+토
전남광주통합특별시,진도군,진도관내,월+화+수+목+금,월+화+수+목+금,월+화+수+목+금
전남광주통합특별시,신안군,없음,월+화+수+목+금,월+화+수+목+금,화+금
제주특별자치도,제주시,제주특별자치도,일+월+화+수+목+금+토,일+월+화+수+목+금+토,일+월+화+수+목+금+토
제주특별자치도,서귀포시,제주특별자치도,일+월+화+수+목+금+토,일+월+화+수+목+금+토,일+월+화+수+목+금+토
